전철역코드,전철역명,전철명명(영문),호선,외부코드,전철명명(중문),전철명명(일문),,,,,,
4201,서울역,Seoul Station,수도권 공항철도,1,首爾站,ソウルヨク,,,,,,
4202,공덕,Gongdeok,수도권 공항철도,2,孔德,コンドク,,,,,,
4203,홍대입구,Hongik Univ.,수도권 공항철도,3,弘益大?,ホンデイック,,,,,,
4204,디지털미디어시티,Digital Media City,수도권 공항철도,4,??媒?城,デジタルメディアシティ,,,,,,
4206,마곡나루,Magongnaru,수도권 공항철도,5,麻谷渡口,マゴンナル,,,,,,
4207,김포공항,Gimpo Intl. Airport,수도권 공항철도,6,金浦机?,キンポゴンハン,,,,,,
4208,계양,Gyeyang,수도권 공항철도,7,桂?,ケヤン,,,,,,
4209,검암,Geomam,수도권 공항철도,8,黔岩,コマム,,,,,,
4210,청라국제도시,Cheongna Int’l City Station,수도권 공항철도,9,靑羅國際城驛,チョンナグクチェドシ,,,,,,
4217,영종,Yeongjong,수도권 공항철도,10,永宗,ヨンジョン,,,,,,
4211,운서,Unseo,수도권 공항철도,11,云西,ウンソ,,,,,,
4212,공항화물청사,Incheon Intl. Airport Cargo Terminal,수도권 공항철도,12,机??物?舍,コンハンファムルチョンサ,,,,,,
4213,인천공항1터미널,Incheon Int’l Airport Terminal 1,수도권 공항철도,13,仁川??机? 1?航站?,仁川?際空港 1タ?ミナル,,,,,,
4215,인천공항2터미널,Incheon Int’l Airport Terminal 2,수도권 공항철도,14,仁川??机? 2?航站?,仁川?際空港 ２タ?ミナル,,,,,,
1919,연천,Yeoncheon,수도권 1호선,97,?川,ヨンチョン,,,,,,
1918,전곡,Jeongok,수도권 1호선,98,全谷,チョンゴク,,,,,,
1917,청산,Cheongsan,수도권 1호선,99,?山,チョンサン,,,,,,
1916,소요산,Soyosan,수도권 1호선,100,逍?山,ソヨサン,,,,,,
1915,동두천,Dongducheon,수도권 1호선,101,?豆川,トンドゥチョン,,,,,,
1914,보산,Bosan,수도권 1호선,102,保山,ポサン,h,,,,,
1913,동두천중앙,Dongducheon  jungang,수도권 1호선,103,?豆川中央,トンドゥチョン·チュンアン,,,,,,
1912,지행,Jihaeng,수도권 1호선,104,?杏,チヘン,,,,,,
1911,덕정,Deokjeong,수도권 1호선,105,德亭,トクチョン,,,,,,
1910,덕계,Deokgye,수도권 1호선,106,德溪,トッケ,,,,,,
1909,양주,Yangju,수도권 1호선,107,?州,ヤンジュ,,,,,,
1908,녹양,Nogyang,수도권 1호선,108,??,ノギャン,,,,,,
1907,가능,Ganeung,수도권 1호선,109,佳陵,カヌン,,,,,,
1906,의정부,Uijeongbu,수도권 1호선,110,?政府,ウィジョンブ,,,,,,
1905,회룡,Hoeryong,수도권 1호선,111,回?,フェリョン,,,,,,
1904,망월사,Mangwolsa,수도권 1호선,112,望月寺,マンウォルサ,,,,,,
1903,도봉산,Dobongsan,수도권 1호선,113,道峰山,トボンサン,,,,,,
1902,도봉,Dobong,수도권 1호선,114,道峰,トボン,,,,,,
1901,방학,Banghak,수도권 1호선,115,放?,パンハク,,,,,,
1022,창동,Chang-dong,수도권 1호선,116,?洞,チャンドン,,,,,,
1021,녹천,Nokcheon,수도권 1호선,117,鹿川,ノクチョン,,,,,,
1020,월계,Wolgye,수도권 1호선,118,月溪,ウォルゲ,,,,,,
1019,광운대,Kwangwoon Univ.,수도권 1호선,119,光云大,光云大,,,,,,
1018,석계,Seokgye,수도권 1호선,120,石溪,ソッケ,,,,,,
1017,신이문,Sinimun,수도권 1호선,121,新里?,シニムン,,,,,,
1016,외대앞,Hankuk Univ. of Foreign Studies,수도권 1호선,122,??外??大?,ウェデアプ,,,,,,
1015,회기,Hoegi,수도권 1호선,123,回基,フェギ,,,,,,
158,청량리(서울시립대입구),Cheongnyangni,수도권 1호선,124,?凉里,チョンニャンニ,,,,,,
157,제기동,Jegi-dong,수도권 1호선,125,祭基洞,チェギドン,,,,,,
156,신설동,Sinseol-dong,수도권 1호선,126,新?洞,シンソルトン,,,,,,
159,동묘앞,Dongmyo,수도권 1호선,127,??,トンミョアプ,,,,,,
155,동대문,Dongdaemun,수도권 1호선,128,?大?,トンデムン,,,,,,
154,종로5가,Jongno 5(o)-ga,수도권 1호선,129,?路五街,チョンノオガ,,,,,,
153,종로3가,Jongno 3(sam)-ga,수도권 1호선,130,?路三街,チョンノサムガ,,,,,,
152,종각,Jonggak,수도권 1호선,131,??,チョンガク,,,,,,
151,시청,City Hall,수도권 1호선,132,市?,シチョン,,,,,,
150,서울역,Seoul Station,수도권 1호선,133,首?,ソウル,,,,,,
1002,남영,Namyeong,수도권 1호선,134,南?,ナミョン,,,,,,
1003,용산,Yongsan,수도권 1호선,135,?山,ヨンサン,,,,,,
1004,노량진,Noryangjin,수도권 1호선,136,?梁津,ノリャンジン,,,,,,
1005,대방,Daebang,수도권 1호선,137,大方,テバン,,,,,,
1032,신길,Singil,수도권 1호선,138,新吉,シンギル,,,,,,
1006,영등포,Yeongdeungpo,수도권 1호선,139,永登浦,ヨンドゥンポ,,,,,,
1007,신도림,Sindorim,수도권 1호선,140,新道林,シンドリム,,,,,,
1701,구로,Guro,수도권 1호선,141,九老,クロ,,,,,,
1813,구일,Guil,수도권 1호선,142,九一,クイル,,,,,,
1801,개봉,Gaebong,수도권 1호선,143,?峰,ケボン,,,,,,
1802,오류동,Oryu-dong,수도권 1호선,144,梧柳洞,オリュドン,,,,,,
1821,온수(성공회대입구),Onsu,수도권 1호선,145,?水,オンス,,,,,,
1803,역곡,Yeokgok,수도권 1호선,146,?谷,ヨッコク,,,,,,
1814,소사,Sosa,수도권 1호선,147,素砂,ソサ,,,,,,
1804,부천,Bucheon,수도권 1호선,148,富川,プチョン,,,,,,
1822,중동,Jung-dong,수도권 1호선,149,中洞,チュンドン,,,,,,
1805,송내,Songnae,수도권 1호선,150,松?,ソンネ,,,,,,
1815,부개,Bugae,수도권 1호선,151,富?,プゲ,,,,,,
1806,부평,Bupyeong,수도권 1호선,152,富平,プピョン,,,,,,
1807,백운,Baegun,수도권 1호선,153,白云,ペグン,,,,,,
1808,동암,Dongam,수도권 1호선,154,?岩,トンアム,,,,,,
1816,간석,Ganseok,수도권 1호선,155,?石,カンソク,,,,,,
1809,주안,Juan,수도권 1호선,156,朱安,チュアン,,,,,,
1823,도화,Dohwa,수도권 1호선,157,道禾,トファ,,,,,,
1810,제물포,Jemulpo,수도권 1호선,158,?物浦,チェムルポ,,,,,,
1817,도원,Dowon,수도권 1호선,159,桃源,トウォン,,,,,,
1811,동인천,Dongincheon,수도권 1호선,160,?仁川,トンインチョン,,,,,,
1812,인천,Incheon,수도권 1호선,161,仁川,インチョン,,,,,,
1702,가산디지털단지,Gasan Digital Complex,수도권 1호선,162,加山????,カサン·デジタルダンジ,,,,,,
1714,독산,Doksan,수도권 1호선,163,?山,トッサン,,,,,,
1703,금천구청,Geumcheon-Gu Office,수도권 1호선,164,衿川??,クムチョングチョン,,,,,,
1750,광명,Gwangmyeong,수도권 1호선,165,光明,クァンミョン,,,,,,
1704,석수,Seoksu,수도권 1호선,166,石水,ソッス,,,,,,
1705,관악,Gwanak,수도권 1호선,167,冠岳,クァナク,,,,,,
1706,안양,Anyang,수도권 1호선,168,安?,アニヤン,,,,,,
1707,명학,Myeonghak,수도권 1호선,169,??,ミョンハク,,,,,,
1708,금정,Geumjeong,수도권 1호선,170,衿井,クムジョン,,,,,,
1709,군포,Gunpo,수도권 1호선,171,?浦,クンポ,,,,,,
1729,당정,Dangjeong,수도권 1호선,172,堂井,タンジョン,,,,,,
1710,의왕,Uiwang,수도권 1호선,173,儀王,ウィワン,,,,,,
1711,성균관대,Sungkyunkwan  Univ.,수도권 1호선,174,成均?大?,ソンギュングァンデ,,,,,,
1712,화서,Hwaseo,수도권 1호선,175,?西,ファソ,,,,,,
1713,수원,Suwon,수도권 1호선,176,水原,スウォン,,,,,,
1715,세류,Seryu,수도권 1호선,177,?柳,セリュ,,,,,,
1716,병점,Byeongjeom,수도권 1호선,178,?店,ピョンチョム,,,,,,
1749,서동탄,Seodongtan,수도권 1호선,179,西??,ソドンタン,,,,,,
1717,세마,Sema,수도권 1호선,180,洗?,セマ,,,,,,
1718,오산대,Osan College,수도권 1호선,181,?山大?,オサンデ,,,,,,
1719,오산,Osan,수도권 1호선,182,?山,オサン,,,,,,
1720,진위,Jinwi,수도권 1호선,183,振威,チヌィ,,,,,,
1721,송탄,Songtan,수도권 1호선,184,松炭,ソンタン,,,,,,
1722,서정리,Seojeong-ri,수도권 1호선,185,西井里,ソジョンニ,,,,,,
1723,평택지제,PyeongtaekJije,수도권 1호선,186,平?芝制,ピョンテクチジェ,,,,,,
1724,평택,Pyeongtaek,수도권 1호선,187,平?,ピョンテク,,,,,,
1725,성환,Seonghwan,수도권 1호선,188,成?,ソンファン,,,,,,
1726,직산,Jiksan,수도권 1호선,189,稷山,チッサン,,,,,,
1727,두정,Dujeong,수도권 1호선,190,斗井,トゥジョン,,,,,,
1728,천안,Cheonan,수도권 1호선,191,天安,チョナン,,,,,,
1401,봉명,Bongmyeong,수도권 1호선,192,??,ポンミョン,,,,,,
1402,쌍용(나사렛대),Ssangyong,수도권 1호선,193,??,サンヨン,,,,,,
1403,아산,Asan,수도권 1호선,194,牙山,アサン,,,,,,
1404,탕정,Tangjeong,수도권 1호선,195,?井,タンジョン,,,,,,
1405,배방,Baebang,수도권 1호선,196,排芳,ペバン,,,,,,
1407,온양온천,Onyang oncheon,수도권 1호선,197,???泉,オニャンオンチョン,,,,,,
1408,신창(순천향대),Sinchang,수도권 1호선,198,新昌,シンチャン,,,,,,
201,시청,City Hall,수도권 2호선,201,市廳,シチョン,,,,,,
202,을지로입구,Euljiro 1(il)-ga,수도권 2호선,202,乙支路入口,ウルチロイック,,,,,,
203,을지로3가,Euljiro 3(sam)-ga,수도권 2호선,203,乙支路三街,ウルチロサムガ,,,,,,
204,을지로4가,Euljiro 4(sa)-ga,수도권 2호선,204,乙支路四街,ウルチロサガ,,,,,,
205,동대문역사문화공원,Dongdaemun History  Culture Park,수도권 2호선,205,?大??史文化公?(DDP),トンデムンヨクサムンファゴンウォン(DDP),,,,,,
206,신당,Sindang,수도권 2호선,206,新堂,シンダン,,,,,,
207,상왕십리,Sangwangsimni,수도권 2호선,207,上往十里,サンワンシムニ,,,,,,
208,왕십리(성동구청),Wangsimni,수도권 2호선,208,往十里,ワンシムニ,,,,,,
209,한양대,Hanyang Univ.,수도권 2호선,209,??大?,ハニャンデ,,,,,,
210,뚝섬,Ttukseom,수도권 2호선,210,纛?,トゥッソム,,,,,,
211,성수,Seongsu,수도권 2호선,211,?水,ソンス,,,,,,
212,건대입구,Konkuk Univ.,수도권 2호선,212,建?大?,コンデイック,,,,,,
213,구의(광진구청),Guui,수도권 2호선,213,九宜,クイ,,,,,,
214,강변(동서울터미널),Gangbyeon,수도권 2호선,214,江?(?首?客?站),カンビョン,,,,,,
215,잠실나루,Jamsillaru,수도권 2호선,215,_室渡口,チャムシルナル,,,,,,
216,잠실(송파구청),Jamsil,수도권 2호선,216,_室(松坡??),チャムシル,,,,,,
217,잠실새내,Jamsilsaenae,수도권 2호선,217,_室新川,チャムシルセネ,,,,,,
218,종합운동장,Sports Complex,수도권 2호선,218,?合???,チョンハブンドンジャン,,,,,,
219,삼성(무역센터),Samseong,수도권 2호선,219,三成(?展中心),サムソン(三成),,,,,,
220,선릉,Seolleung,수도권 2호선,220,宣陵,ソンルン,,,,,,
221,역삼,Yeoksam,수도권 2호선,221,?三,ヨッサム,,,,,,
222,강남,Gangnam,수도권 2호선,222,江南,カンナム,,,,,,
223,교대(법원.검찰청),Seoul Nat`l Univ. of Education,수도권 2호선,223,首??育大?,キョデ,,,,,,
224,서초,Seocho,수도권 2호선,224,瑞草,ソチョ,,,,,,
225,방배,Bangbae,수도권 2호선,225,方背,パンベ,,,,,,
226,사당,Sadang,수도권 2호선,226,舍堂,サダン,,,,,,
227,낙성대,Nakseongdae,수도권 2호선,227,落星垈,ナクソンデ,,,,,,
228,서울대입구(관악구청),Seoul Nat`l Univ.,수도권 2호선,228,首?大?(冠岳??),ソウルデイック,,,,,,
229,봉천,Bongcheon,수도권 2호선,229,奉天,ポンチョン,,,,,,
230,신림,Sillim,수도권 2호선,230,新林,シンリム,,,,,,
231,신대방,Sindaebang,수도권 2호선,231,新大方,シンデバン,,,,,,
232,구로디지털단지,Guro Digital Complex,수도권 2호선,232,九老????,クロ·デジタルダンジ,,,,,,
233,대림(구로구청),Daerim,수도권 2호선,233,大林(九老??),テリム,,,,,,
234,신도림,Sindorim,수도권 2호선,234,新道林,シンドリム,,,,,,
235,문래,Mullae,수도권 2호선,235,文來,ムンレ,,,,,,
236,영등포구청,Yeongdeungpo-gu Office,수도권 2호선,236,永登浦??,ヨンドゥンポグチョン,,,,,,
237,당산,Dangsan,수도권 2호선,237,堂山,タンサン,,,,,,
238,합정,Hapjeong,수도권 2호선,238,合井,ハプチョン,,,,,,
239,홍대입구,Hongik Univ.,수도권 2호선,239,弘益大?,ホンデイック,,,,,,
240,신촌,Sinchon,수도권 2호선,240,新村,シンチョン(新村),,,,,,
241,이대,Ewha Womans Univ.,수도권 2호선,241,梨花女子大?,イデ,,,,,,
242,아현,Ahyeon,수도권 2호선,242,阿?,アヒョン,,,,,,
243,충정로(경기대입구),Chungjeongno,수도권 2호선,243,忠正路(京畿大?),チュンジョンノ,,,,,,
244,용답,Yongdap,수도권 2호선,244,?踏,ヨンダプ,,,,,,
245,신답,Sindap,수도권 2호선,245,新踏,シンダプ,,,,,,
250,용두(동대문구청),Yongdu,수도권 2호선,246,??(?大???),ヨンドゥ,,,,,,
246,신설동,Sinseol-dong,수도권 2호선,247,新設洞,シンソルトン,,,,,,
247,도림천,Dorimcheon,수도권 2호선,248,道林川,トリムチョン,,,,,,
248,양천구청,Yangcheon-gu Office,수도권 2호선,249,?川??,ヤンチョングチョン,,,,,,
249,신정네거리,Sinjeongnegeori,수도권 2호선,250,新亭十字路口,シンジョンネゴリ,,,,,,
200,까치산,Kkachisan,수도권 2호선,251,喜?山,カチサン,,,,,,
1958,대화,Daehwa,수도권 3호선,309,大化,大化,,,,,,
1957,주엽,Juyeop,수도권 3호선,310,注葉,注葉,,,,,,
1956,정발산,Jeongbalsan,수도권 3호선,311,鼎鉢山,鼎鉢山,,,,,,
1955,마두,Madu,수도권 3호선,312,馬頭,馬頭,,,,,,
1954,백석,Baekseok,수도권 3호선,313,白石,白石,,,,,,
1953,대곡,Daegok,수도권 3호선,314,大谷,大谷,,,,,,
1952,화정,Hwajeong,수도권 3호선,315,花井,花井,,,,,,
1951,원당,Wondang,수도권 3호선,316,元堂,元堂,,,,,,
1948,원흥,Wonheung,수도권 3호선,317,元興,ウォンフン,,,,,,
1950,삼송,Samsong,수도권 3호선,318,三松,三松,,,,,,
309,지축,Jichuk,수도권 3호선,319,?杻,チチュク,,,,,,
310,구파발,Gupabal,수도권 3호선,320,?把?,クパバル,,,,,,
311,연신내,Yeonsinnae,수도권 3호선,321,延新川,ヨンシンネ,,,,,,
312,불광,Bulgwang,수도권 3호선,322,佛光,プルグァン,,,,,,
313,녹번,Nokbeon,수도권 3호선,323,碌磻,ノッポン,,,,,,
314,홍제,Hongje,수도권 3호선,324,弘?,ホンジェ,,,,,,
315,무악재,Muakjae,수도권 3호선,325,毋岳?,ムアクチェ,,,,,,
316,독립문,Dongnimmun,수도권 3호선,326,?立?,トンニンムン,,,,,,
317,경복궁(정부서울청사),Gyeongbokgung,수도권 3호선,327,景福?(政府首??舍),キョンボックン,,,,,,
318,안국,Anguk,수도권 3호선,328,安?,アングク,,,,,,
319,종로3가,Jongno 3(sam)-ga,수도권 3호선,329,?路三街,チョンノサムガ,,,,,,
320,을지로3가,Euljiro 3(sam)-ga,수도권 3호선,330,乙支路三街,ウルチロサムガ,,,,,,
321,충무로,Chungmuro,수도권 3호선,331,忠武路,チュンムロ,,,,,,
322,동대입구,Dongguk Univ.,수도권 3호선,332,??大?,トンデイック,,,,,,
323,약수,Yaksu,수도권 3호선,333,?水,ヤクス,,,,,,
324,금호,Geumho,수도권 3호선,334,金湖,クムホ,,,,,,
325,옥수,Oksu,수도권 3호선,335,玉水,オクス,,,,,,
326,압구정,Apgujeong,수도권 3호선,336,狎?亭,アックジョン,,,,,,
327,신사,Sinsa,수도권 3호선,337,新沙,シンサ,,,,,,
328,잠원,Jamwon,수도권 3호선,338,_院,チャムォン,,,,,,
329,고속터미널,Express Bus Terminal,수도권 3호선,339,高速巴士客?站,コソクタ?ミナル,,,,,,
330,교대(법원.검찰청),Seoul Nat`l Univ. of Education,수도권 3호선,340,首??育大?,キョデ?,,,,,,
331,남부터미널(예술의전당),Nambu Bus Terminal,수도권 3호선,341,南部客?站,ナンブタ?ミナル,,,,,,
332,양재(서초구청),Yangjae,수도권 3호선,342,良才(瑞草??),ヤンジェ,,,,,,
333,매봉,Maebong,수도권 3호선,343,梅峰,メボン,,,,,,
334,도곡,Dogok,수도권 3호선,344,道谷,トゴク,,,,,,
335,대치,Daechi,수도권 3호선,345,大峙,テチ,,,,,,
336,학여울,Hangnyeoul,수도권 3호선,346,??,ハンニョウル,,,,,,
337,대청,Daecheong,수도권 3호선,347,大?,テチョン,,,,,,
338,일원,Irwon,수도권 3호선,348,逸院,イルォン,,,,,,
339,수서,Suseo,수도권 3호선,349,水西,スソ,,,,,,
340,가락시장,Garak Market,수도권 3호선,350,可?市?,カラク·シジャン,,,,,,
341,경찰병원,National Police Hospital,수도권 3호선,351,警察?院,キョンチャル·ピョンウォン,,,,,,
342,오금,Ogeum,수도권 3호선,352,梧琴,オグム,,,,,,
405,진접,Jinjeop,수도권 4호선,405,榛接,チンジョプ,,,,,,
406,오남,Onam,수도권 4호선,406,梧 南,オナム,,,,,,
408,별내별가람,Byeollae Byeolgaram,수도권 4호선,408,別內星江,ピョルネビョルガラム,,,,,,
409,당고개,Danggogae,수도권 4호선,409,堂?,タンゴゲ,,,,,,
410,상계,Sanggye,수도권 4호선,410,上溪,サンゲ,,,,,,
411,노원,Nowon,수도권 4호선,411,芦原,ノウォン,,,,,,
412,창동,Chang-dong,수도권 4호선,412,?洞,チャンドン,,,,,,
413,쌍문,Ssangmun,수도권 4호선,413,??,サンムン,,,,,,
414,수유(강북구청),Suyu,수도권 4호선,414,水逾(江北??),スユ,,,,,,
415,미아(서울사이버대학),Mia,수도권 4호선,415,?阿(首???大?),ミア,,,,,,
416,미아사거리,Miasageori,수도권 4호선,416,?阿十字路口,ミアサゴリ,,,,,,
417,길음,Gireum,수도권 4호선,417,吉音,キルム,,,,,,
418,성신여대입구(돈암),Sungshin Women`s Univ.,수도권 4호선,418,?信女子大?(敦岩),ソンシンヨデイック,,,,,,
419,한성대입구(삼선교),Hansung Univ.,수도권 4호선,419,?城大?,ハンソンデイック,,,,,,
420,혜화,Hyehwa,수도권 4호선,420,惠化,ヘファ,,,,,,
421,동대문,Dongdaemun,수도권 4호선,421,?大?,トンデムン,,,,,,
422,동대문역사문화공원,Dongdaemun History  Culture Park,수도권 4호선,422,?大??史文化公?,トンデムンヨクサムンファゴンウォン,,,,,,
423,충무로,Chungmuro,수도권 4호선,423,忠武路,チュンムロ,,,,,,
424,명동,Myeong-dong,수도권 4호선,424,明洞,ミョンドン,,,,,,
425,회현,Hoehyeon,수도권 4호선,425,??(南大?市?),フェヒョン,,,,,,
426,서울역,Seoul Station,수도권 4호선,426,首?站,ソウルヨク,,,,,,
427,숙대입구,Sookmyung Women`s Univ.,수도권 4호선,427,淑明女子大?(葛月),スクテイック,,,,,,
428,삼각지,Samgakji,수도권 4호선,428,三角地,サムガクチ,,,,,,
429,신용산,Sinyongsan,수도권 4호선,429,新?山,シニョンサン,,,,,,
430,이촌(국립중앙박물관),Ichon,수도권 4호선,430,二村,イチョン,,,,,,
431,동작(현충원),Dongjak,수도권 4호선,431,?雀(?忠院),トンジャク,,,,,,
432,총신대입구(이수),Chongshin Univ.,수도권 4호선,432,?神大?,チョンシンデイック,,,,,,
433,사당,Sadang,수도권 4호선,433,舍堂,サダン,,,,,,
434,남태령,Namtaeryeong,수도권 4호선,434,南泰?,ナムテリョン,,,,,,
1450,선바위,Seonbawi,수도권 4호선,435,立岩,ソンバウィ,,,,,,
1451,경마공원,Seoul Racecourse Park,수도권 4호선,436,??公?,キョンマゴンウォン,,,,,,
1452,대공원,Seoul Grand Park,수도권 4호선,437,首?大公?,テゴンウォン,,,,,,
1453,과천,Gwacheon,수도권 4호선,438,果川,クァチョン,,,,,,
1454,정부과천청사,Government Complex Gwacheon,수도권 4호선,439,政府果川?舍,チョンブ·クァチョンチョンサ,,,,,,
1455,인덕원,Indeogwon,수도권 4호선,440,仁德院,インドグォン,,,,,,
1456,평촌,Pyeongchon,수도권 4호선,441,坪村,ピョンチョン,,,,,,
1457,범계,Beomgye,수도권 4호선,442,凡溪,ポムゲ,,,,,,
1458,금정,Geumjeong,수도권 4호선,443,衿井,クムジョン,,,,,,
1751,산본,Sanbon,수도권 4호선,444,山本,サンボン,,,,,,
1763,수리산,Surisan,수도권 4호선,445,修理山,スリサン,,,,,,
1752,대야미,Daeyami,수도권 4호선,446,大夜味,テヤミ,,,,,,
1753,반월,Banwol,수도권 4호선,447,半月,パヌォル,,,,,,
1754,상록수,Sangnoksu,수도권 4호선,448,常??,サンロッス,,,,,,
1755,한대앞,Hanyang Univ. at Ansan,수도권 4호선,449,??大?,ハンデアプ,,,,,,
1756,중앙,Jungang,수도권 4호선,450,中央,チュンアン,,,,,,
1757,고잔,Gojan,수도권 4호선,451,古?,コジャン,,,,,,
1758,초지,Choji,수도권 4호선,452,草芝,チョジ,,,,,,
1759,안산,Ansan,수도권 4호선,453,安山,アンサン,,,,,,
1760,신길온천,Neunggil,수도권 4호선,454,新吉?泉,シンギル·オンチョン,,,,,,
1761,정왕,Jeongwang,수도권 4호선,455,正往,チョンワン,,,,,,
1762,오이도,Oido,수도권 4호선,456,?耳?,オイド,,,,,,
2511,방화,Banghwa,수도권 5호선,510,傍花,パンファ,,,,,,
2512,개화산,Gaehwasan,수도권 5호선,511,?花山,ケファサン,,,,,,
2513,김포공항,Gimpo Intl. Airport,수도권 5호선,512,金浦机?,キンポゴンハン,,,,,,
2514,송정,Songjeong,수도권 5호선,513,松亭,ソンジョン,,,,,,
2515,마곡,Magok,수도권 5호선,514,麻谷,マゴク,,,,,,
2516,발산,Balsan,수도권 5호선,515,?山,パルサン,,,,,,
2517,우장산,Ujangsan,수도권 5호선,516,雨_山,ウジャンサン,,,,,,
2518,화곡,Hwagok,수도권 5호선,517,禾谷,ファゴク,,,,,,
2519,까치산,Kkachisan,수도권 5호선,518,喜?山,カチサン,,,,,,
2520,신정(은행정),Sinjeong,수도권 5호선,519,新亭,シンジョン,,,,,,
2521,목동,Mok-dong,수도권 5호선,520,木洞,モクトン,,,,,,
2522,오목교(목동운동장앞),Omokgyo,수도권 5호선,521,梧木?,オモッキョ,,,,,,
2523,양평,Yangpyeong,수도권 5호선,522,?坪,ヤンピョン,,,,,,
2524,영등포구청,Yeongdeungpo-gu Office,수도권 5호선,523,永登浦??,ヨンドゥンポグチョン,,,,,,
2525,영등포시장,Yeongdeungpo Market,수도권 5호선,524,永登浦市?,ヨンドゥンポシジャン,,,,,,
2526,신길,Singil,수도권 5호선,525,新吉,シンギル,,,,,,
2527,여의도,Yeouido,수도권 5호선,526,汝矣?,ヨイド,,,,,,
2528,여의나루,Yeouinaru,수도권 5호선,527,汝矣渡口,ヨイナル,,,,,,
2529,마포,Mapo,수도권 5호선,528,麻浦,マポ,,,,,,
2530,공덕,Gongdeok,수도권 5호선,529,孔德,コンドク,,,,,,
2531,애오개,Aeogae,수도권 5호선,530,??,エオゲ,,,,,,
2532,충정로(경기대입구),Chungjeongno,수도권 5호선,531,忠正路,チュンジョンノ,,,,,,
2533,서대문,Seodaemun,수도권 5호선,532,西大?,ソデムン,,,,,,
2534,광화문(세종문화회관),Gwanghwamun,수도권 5호선,533,光化?,クァンファムン,,,,,,
2535,종로3가,Jongno 3(sam)-ga,수도권 5호선,534,?路三街,チョンノサムガ,,,,,,
2536,을지로4가,Euljiro 4(sa)-ga,수도권 5호선,535,乙支路四街,ウルチロサガ,,,,,,
2537,동대문역사문화공원,Dongdaemun History  Culture Park,수도권 5호선,536,?大??史文化公?,トンデムンヨクサムンファゴンウォン,,,,,,
2538,청구,Cheonggu,수도권 5호선,537,?丘,チョング,,,,,,
2539,신금호,Singeumho,수도권 5호선,538,新金湖,シングムホ,,,,,,
2540,행당,Haengdang,수도권 5호선,539,杏堂,ヘンダン,,,,,,
2541,왕십리(성동구청),Wangsimni,수도권 5호선,540,往十里,ワンシムニ,,,,,,
2542,마장,Majang,수도권 5호선,541,??,マジャン,,,,,,
2543,답십리,Dapsimni,수도권 5호선,542,踏十里,タプシムニ,,,,,,
2544,장한평,Janghanpyeong,수도권 5호선,543,??坪,チャンハンピョン,,,,,,
2545,군자(능동),Gunja,수도권 5호선,544,君子,クンジャ,,,,,,
2546,아차산(어린이대공원후문),Achasan,수도권 5호선,545,峨嵯山,アチャサン,,,,,,
2547,광나루(장신대),Gwangnaru,수도권 5호선,546,?渡口,クァンナル,,,,,,
2548,천호(풍납토성),Cheonho,수도권 5호선,547,千戶,チョンホ,,,,,,
2549,강동,Gangdong,수도권 5호선,548,江?,カンドン,,,,,,
2550,길동,Gil-dong,수도권 5호선,549,吉洞,キルトン,,,,,,
2551,굽은다리(강동구민회관앞),Gubeundari,수도권 5호선,550,曲?,クブンダリ,,,,,,
2552,명일,Myeongil,수도권 5호선,551,明逸,ミョンイル,,,,,,
2553,고덕,Godeok,수도권 5호선,552,高德,コドク,,,,,,
2554,상일동,Sangil-dong,수도권 5호선,553,上一洞,サンイルトン,,,,,,
2562,강일,Gangil,수도권 5호선,554,江一,カンイル,,,,,,
2563,미사,Misa,수도권 5호선,555,渼沙,ミサ,,,,,,
2564,하남풍산,Hanam Pungsan,수도권 5호선,556,河南_山,ハナンプンサン,,,,,,
2565,하남시청(덕풍.신장),Hanam City Hall,수도권 5호선,557,河南市?,ハナムシチョン,,,,,,
2566,하남검단산,Hanam Geomdansan,수도권 5호선,558,河南黔丹山,ハナムゴムダンサン,,,,,,
2555,둔촌동,Dunchon-dong,수도권 5호선,559,遁村洞,トゥンチョンドン,,,,,,
2556,올림픽공원(한국체대),Olympic Park,수도권 5호선,560,?林匹克公?,オリンピックゴンウォン,,,,,,
2557,방이,Bangi,수도권 5호선,561,芳荑,パンイ,,,,,,
2558,오금,Ogeum,수도권 5호선,562,梧琴,オグム,,,,,,
2559,개롱,Gaerong,수도권 5호선,563,??,ケロン,,,,,,
2560,거여,Geoyeo,수도권 5호선,564,巨余,コヨ,,,,,,
2561,마천,Macheon,수도권 5호선,565,?川,マチョン,,,,,,
2611,응암,Eungam,수도권 6호선,610,?岩,ウンアム,,,,,,
2612,역촌,Yeokchon,수도권 6호선,611,?村,ヨクチョン,,,,,,
2613,불광,Bulgwang,수도권 6호선,612,佛光,プルグァン,,,,,,
2614,독바위,Dokbawi,수도권 6호선,613,瓮岩,トッパウィ,,,,,,
2615,연신내,Yeonsinnae,수도권 6호선,614,延新川,ヨンシンネ,,,,,,
2616,구산,Gusan,수도권 6호선,615,?山,クサン,,,,,,
2617,새절(신사),Saejeol,수도권 6호선,616,?折,セジョル,,,,,,
2618,증산(명지대앞),Jeungsan,수도권 6호선,617,?山,チュンサン,,,,,,
2619,디지털미디어시티,Digital Media City,수도권 6호선,618,??媒?城,デジタルメディアシティ,,,,,,
2620,월드컵경기장(성산),World Cup Stadium,수도권 6호선,619,世界杯?育?,ワ?ルドカップ·キョンギジャン,,,,,,
2621,마포구청,Mapo-gu Office,수도권 6호선,620,麻浦??,マポグチョン,,,,,,
2622,망원,Mangwon,수도권 6호선,621,望?,マンウォン,,,,,,
2623,합정,Hapjeong,수도권 6호선,622,合井,ハプチョン,,,,,,
2624,상수,Sangsu,수도권 6호선,623,上水,サンス,,,,,,
2625,광흥창(서강),Gwangheungchang,수도권 6호선,624,???,クァンフンチャン,,,,,,
2626,대흥(서강대앞),Daeheung,수도권 6호선,625,大?,テフン,,,,,,
2627,공덕,Gongdeok,수도권 6호선,626,孔德,コンドク,,,,,,
2628,효창공원앞,Hyochang park,수도권 6호선,627,孝昌公?,ヒョチャンゴンウォンアプ,,,,,,
2629,삼각지,Samgakji,수도권 6호선,628,三角地,サムガクチ,,,,,,
2630,녹사평(용산구청),Noksapyeong,수도권 6호선,629,?莎坪,ノッサピョン,,,,,,
2631,이태원,Itaewon,수도권 6호선,630,梨泰院,イテウォン,,,,,,
2632,한강진,Hangangjin,수도권 6호선,631,?江?,ハンガンジン,,,,,,
2633,버티고개,Beotigogae,수도권 6호선,632,波堤?,ポティゴゲ,,,,,,
2634,약수,Yaksu,수도권 6호선,633,?水,ヤッス,,,,,,
2635,청구,Cheonggu,수도권 6호선,634,?丘,チョング,,,,,,
2636,신당,Sindang,수도권 6호선,635,新堂,シンダン,,,,,,
2637,동묘앞,Dongmyo,수도권 6호선,636,??,トンミョアプ,,,,,,
2638,창신,Changsin,수도권 6호선,637,昌信,チャンシン,,,,,,
2639,보문,Bomun,수도권 6호선,638,普?,ポムン,,,,,,
2640,안암(고대병원앞),Anam,수도권 6호선,639,安岩,アナム,,,,,,
2641,고려대(종암),Korea Univ.,수도권 6호선,640,高?大?,コリョデ,,,,,,
2642,월곡(동덕여대),Wolgok,수도권 6호선,641,月谷,ウォルゴク,,,,,,
2643,상월곡(한국과학기술연구원),Sangwolgok,수도권 6호선,642,上月谷,サンウォルゴク,,,,,,
2644,돌곶이,Dolgoji,수도권 6호선,643,石串,トルゴジ,,,,,,
2645,석계,Seokgye,수도권 6호선,644,石溪,ソッケ,,,,,,
2646,태릉입구,Taereung,수도권 6호선,645,泰陵,テルンイック,,,,,,
2647,화랑대(서울여대입구),Hwarangdae,수도권 6호선,646,花郞台,ファランデ,,,,,,
2648,봉화산(서울의료원),Bonghwasan,수도권 6호선,647,烽火山,ポンファサン,,,,,,
2649,신내,Sinnae,수도권 6호선,648,新內,シンネ,,,,,,
2711,장암,Jangam,수도권 7호선,709,?岩,チャンアム,,,,,,
2712,도봉산,Dobongsan,수도권 7호선,710,道峰山,トボンサン,,,,,,
2713,수락산,Suraksan,수도권 7호선,711,水落山,スラッサン,,,,,,
2714,마들,Madeul,수도권 7호선,712,?得,マドゥル,,,,,,
2715,노원,Nowon,수도권 7호선,713,芦原,ノウォン,,,,,,
2716,중계,Junggye,수도권 7호선,714,中溪,チュンゲ,,,,,,
2717,하계,Hagye,수도권 7호선,715,下溪,ハゲ,,,,,,
2718,공릉(서울과학기술대),Gongneung,수도권 7호선,716,孔陵,コンヌン,,,,,,
2719,태릉입구,Taereung,수도권 7호선,717,泰陵,テルンイック,,,,,,
2720,먹골,Meokgol,수도권 7호선,718,墨谷,モッコル,,,,,,
2721,중화,Junghwa,수도권 7호선,719,中和,チュンファ,,,,,,
2722,상봉(시외버스터미널),Sangbong,수도권 7호선,720,上?(市外巴士客?站),サンボン??,,,,,,
2723,면목,Myeonmok,수도권 7호선,721,面牧,ミョンモク,,,,,,
2724,사가정,Sagajeong,수도권 7호선,722,四佳亭,サガジョン,,,,,,
2725,용마산,Yongmasan,수도권 7호선,723,??山,ヨンマサン,,,,,,
2726,중곡,Junggok,수도권 7호선,724,中谷,チュンゴク,,,,,,
2727,군자(능동),Gunja,수도권 7호선,725,君子,クンジャ,,,,,,
2728,어린이대공원(세종대),Children`s  Grand Park,수도권 7호선,726,?童大公?,オリニ·テゴンウォン,,,,,,
2729,건대입구,Konkuk Univ.,수도권 7호선,727,建?大?,コンデイック,,,,,,
2730,자양,Jayang,수도권 7호선,728,紫?,チャヤン,,,,,,
2731,청담,Cheongdam,수도권 7호선,729,?潭,チョンダム,,,,,,
2732,강남구청,Gangnam-gu Office,수도권 7호선,730,江南??,カンナムグチョン,,,,,,
2733,학동,Hak-dong,수도권 7호선,731,?洞,ハクトン,,,,,,
2734,논현,Nonhyeon,수도권 7호선,732,??,ノンヒョン,,,,,,
2735,반포,Banpo,수도권 7호선,733,?浦,パンポ,,,,,,
2736,고속터미널,Express Bus Terminal,수도권 7호선,734,高速巴士客?站,コソクタ?ミナル,,,,,,
2737,내방,Naebang,수도권 7호선,735,內方,ネバン,,,,,,
2738,이수,Isu,수도권 7호선,736,梨水,イス,,,,,,
2739,남성,Namseong,수도권 7호선,737,南城,ナムソン,,,,,,
2740,숭실대입구(살피재),Soongsil Univ.,수도권 7호선,738,崇?大?(?毗?),スンシルデイック,,,,,,
2741,상도,Sangdo,수도권 7호선,739,上道,サンド,,,,,,
2742,장승배기,Jangseungbaegi,수도권 7호선,740,?丞拜基,チャンスンベギ,,,,,,
2743,신대방삼거리,Sindaebang  samgeori,수도권 7호선,741,新大方丁字路口,シンデバンサムゴリ,,,,,,
2744,보라매,Boramae,수도권 7호선,742,波拉美,ポラメ,,,,,,
2745,신풍,Sinpung,수도권 7호선,743,新_,シンプン,,,,,,
2746,대림(구로구청),Daerim,수도권 7호선,744,大林,テリム,,,,,,
2747,남구로,Namguro,수도권 7호선,745,南九老,ナムグロ,,,,,,
2748,가산디지털단지,Gasan Digital Complex,수도권 7호선,746,加山????,カサン·デジタルダンジ,,,,,,
2749,철산,Cheolsan,수도권 7호선,747,?山,チョルサン,,,,,,
2750,광명사거리,Gwangmyeongsageori,수도권 7호선,748,光明十字路口,クァンミョンサゴリ,,,,,,
2751,천왕,Cheonwang,수도권 7호선,749,天旺,チョヌァン,,,,,,
2752,온수(성공회대입구),Onsu,수도권 7호선,750,?水,オンス,,,,,,
3753,까치울,Kkachiul,수도권 7호선,751,喜?屋,カチウル,,,,,,
3754,부천종합운동장,Bucheon Stadium,수도권 7호선,752,富川?合???,プチョンジョンハブンドンジャン,,,,,,
3755,춘의,Chunui,수도권 7호선,753,春衣,チュニ,,,,,,
3756,신중동,Sinjung-dong,수도권 7호선,754,新中洞,シンジュンドン,,,,,,
3757,부천시청,Bucheon City Hall,수도권 7호선,755,富川市?,プチョンシチョン,,,,,,
3758,상동,Sang-dong,수도권 7호선,756,上洞,サンドン,,,,,,
3759,삼산체육관,Samsan Gymnasium,수도권 7호선,757,三山?育?,サムサン·チェユックァン,,,,,,
3760,굴포천,Gulpocheon,수도권 7호선,758,掘浦川,クルポチョン,,,,,,
3761,부평구청,Bupyeong-gu Office,수도권 7호선,759,富平??,プピョングチョン,,,,,,
3762,산곡,Sangok,수도권 7호선,760,山谷,サンゴク,,,,,,
3763,석남(거북시장),Seongnam,수도권 7호선,761,石南,石南,,,,,,
2811,암사,Amsa,수도권 8호선,810,岩寺,アムサ,,,,,,
2812,천호(풍납토성),Cheonho,수도권 8호선,811,千戶,チョンホ,,,,,,
2813,강동구청,Gangdong-gu Office,수도권 8호선,812,江???,カンドングチョン,,,,,,
2814,몽촌토성(평화의문),Mongchontoseong,수도권 8호선,813,?村土城,モンチョントソン,,,,,,
2815,잠실(송파구청),Jamsil,수도권 8호선,814,_室,チャムシル,,,,,,
2816,석촌,Seokchon,수도권 8호선,815,石村,ソクチョン,,,,,,
2817,송파,Songpa,수도권 8호선,816,松坡,ソンパ,,,,,,
2818,가락시장,Garak Market,수도권 8호선,817,可?市?,カラク·シジャン,,,,,,
2819,문정,Munjeong,수도권 8호선,818,文井,ムンジョン,,,,,,
2820,장지,Jangji,수도권 8호선,819,?旨,チャンジ,,,,,,
2821,복정,Bokjeong,수도권 8호선,820,福井,ポクチョン,,,,,,
2828,남위례,Namwirye,수도권 8호선,821,南慰?,ナムィレ,,,,,,
2822,산성,Sanseong,수도권 8호선,822,山城,サンソン,,,,,,
2823,남한산성입구(성남법원.검찰청),Namhansanseong,수도권 8호선,823,南?山城,ナムハンサンソンイック,,,,,,
2824,단대오거리,Dandaeogeori,수도권 8호선,824,丹垈五?路口,タンデオゴリ,,,,,,
2825,신흥,Sinheung,수도권 8호선,825,新?,シンフン,,,,,,
2826,수진,Sujin,수도권 8호선,826,??,スジン,,,,,,
2827,모란,Moran,수도권 8호선,827,牡丹,モラン,,,,,,
4101,개화,Gaehwa,수도권 9호선,901,開化,ケファ,,,,,,
4102,김포공항,Gimpo Intl. Airport,수도권 9호선,902,金浦机?,キンポゴンハン,,,,,,
4103,공항시장,Airport Market,수도권 9호선,903,空港市?,コンハンシジャン,,,,,,
4104,신방화,Sinbanghwa,수도권 9호선,904,新傍花,シンバンファ,,,,,,
4105,마곡나루,Magongnaru,수도권 9호선,905,麻谷渡口,マゴンナル,,,,,,
4106,양천향교,Yangcheon Hyanggyo,수도권 9호선,906,?川?校,ヤンチョンヒャンギョ,,,,,,
4107,가양,Gayang,수도권 9호선,907,加?,カヤン,,,,,,
4108,증미,Jeungmi,수도권 9호선,908,曾米,チュンミ,,,,,,
4109,등촌,Deungchon,수도권 9호선,909,登村,トゥンチョン,,,,,,
4110,염창,Yeomchang,수도권 9호선,910,??,ヨムチャン,,,,,,
4111,신목동,Sinmokdong,수도권 9호선,911,新木洞,シンモクトン,,,,,,
4112,선유도,Seonyudo,수도권 9호선,912,仙游?,ソニュド,,,,,,
4113,당산,Dangsan,수도권 9호선,913,堂山,タンサン,,,,,,
4114,국회의사당,National Assembly,수도권 9호선,914,???事堂,ククェウィサダン,,,,,,
4115,여의도,Yeouido,수도권 9호선,915,汝矣?,ヨイド,,,,,,
4116,샛강,Saetgang,수도권 9호선,916,?江,セッカン,,,,,,
4117,노량진,Noryangjin,수도권 9호선,917,?梁津,ノリャンジン,,,,,,
4118,노들,Nodeul,수도권 9호선,918,?得,ノドゥル,,,,,,
4119,흑석(중앙대입구),Heukseok,수도권 9호선,919,黑石,フッソク,,,,,,
4120,동작(현충원),Dongjak,수도권 9호선,920,?雀,トンジャク,,,,,,
4121,구반포,Gubanpo,수도권 9호선,921,??浦,クバンポ,,,,,,
4122,신반포,Sinbanpo,수도권 9호선,922,新?浦,シンバンポ,,,,,,
4123,고속터미널,Express Bus Terminal,수도권 9호선,923,高速巴士客?站,コソクタ?ミナル,,,,,,
4124,사평,Sapyeong,수도권 9호선,924,砂平,サピョン,,,,,,
4125,신논현,Sinnonhyeon,수도권 9호선,925,新??,シンノンヒョン,,,,,,
4126,언주,Eonju,수도권 9호선,926,彦州,オンジュ,,,,,,
4127,선정릉,Seonjeongneung,수도권 9호선,927,宣靖陵,ソンジョンヌン,,,,,,
4128,삼성중앙,Samseong Jungang,수도권 9호선,928,三成中央,サムソン·チュンアン,,,,,,
4129,봉은사,Bongeunsa,수도권 9호선,929,奉恩寺,ポンウンサ,,,,,,
4130,종합운동장,Sports Complex,수도권 9호선,930,?合???,チョンハブンドンジャン,,,,,,
4131,삼전,Samjeon,수도권 9호선,931,三田,サムジョン,,,,,,
4132,석촌고분,Seokchon Gobun,수도권 9호선,932,石村古?,ソクチョンコブン,,,,,,
4133,석촌,Seokchon(Hansol Hospital),수도권 9호선,933,石村,ソクチョン,,,,,,
4134,송파나루,Songpanaru,수도권 9호선,934,松坡渡口,ソンパナル,,,,,,
4135,한성백제,Hanseong Baekje,수도권 9호선,935,?城百?,ハンソンベクチェ,,,,,,
4136,올림픽공원(한국체대),Olympic Park,수도권 9호선,936,?林匹克公?,オリンピックゴンウォン,,,,,,1111
4137,둔촌오륜,Dunchon Oryun,수도권 9호선,937,遁村五?,トゥンチョノリュン,,,,,,
4138,중앙보훈병원,VHS Medical Center,수도권 9호선,938,中央???院,チュンアンボフンビョンウォン,,,,,,
4701,북한산우이,Bukhansan Ui,수도권 우이신설경전철,941,北漢山牛耳,プカンサンウイ,,,,,,
4702,솔밭공원,Solbat Park,수도권 우이신설경전철,942,松林公園,ソルバッコンウォン,,,,,,
4703,4.19민주묘지,April 19th National Cemetery,수도권 우이신설경전철,943,四一九民主墓地,サ.イルグミンジュミョジ,,,,,,
4704,가오리,Gaori,수도권 우이신설경전철,944,加五里,カオリ,,,,,,
4705,화계,Hwagye,수도권 우이신설경전철,945,華溪,ファゲ,,,,,,
4706,삼양,Samyang,수도권 우이신설경전철,946,三陽,サミャン,,,,,,
4707,삼양사거리,Samyang Sageori,수도권 우이신설경전철,947,三?十字路口,サミャンサゴリ,,,,,,
4708,솔샘,Solsaem,수도권 우이신설경전철,948,松泉,ソルセム,,,,,,
4709,북한산보국문,Bukhansan Bogungmun,수도권 우이신설경전철,949,北漢山輔國門,プカンサンボグンムン,,,,,,
4710,정릉,Jeongneung,수도권 우이신설경전철,950,貞陵,チョンヌン,,,,,,
4711,성신여대입구(돈암),Sungshin Women`s Univ.,수도권 우이신설경전철,951,誠信女大入口,誠信女大入口,,,,,,
4712,보문,Bomun,수도권 우이신설경전철,952,普門,ポムン,,,,,,
4713,신설동,Sinseoldong,수도권 우이신설경전철,953,新 設 洞,シンソルトン,,,,,,
1265,가좌,Gajwa,경의중앙선,1021,加佐,カジュア,,,,,,
1269,강매,Gangmae,경의중앙선,1017,江梅,カンメ,,,,,,
1272,곡산,Goksan,경의중앙선,1013,谷山,コッサン,,,,,,
1262,공덕,Gongdeok,경의중앙선,1024,孔德,コンドク,,,,,,
1205,구리,Guri,경의중앙선,1039,九里,クリ,,,,,,
1214,국수,Guksu,경의중앙선,1048,菊秀,クッス,,,,,,
1279,금릉,Geum  neung,경의중앙선,1006,金陵,クムヌン,,,,,,
1280,금촌,Geumchon,경의중앙선,1005,金村,クムチョン,,,,,,
1271,능곡,Neunggok,경의중앙선,1015,陵谷,ヌンゴク,,,,,,
300,대곡,Daegok,경의중앙선,1014,大谷,テゴク,,,,,,
1208,덕소,Deokso,경의중앙선,1042,德沼,トッソ,,,,,,
1206,도농,Donong,경의중앙선,1040,陶?,トノン,,,,,,
1209,도심,Dosim,경의중앙선,1043,陶深,トシム,,,,,,
1266,디지털미디어시티,Digital Media City,경의중앙선,1020,??媒?城,デジタルメディアシティ,,,,,,
1203,망우,Mangu,경의중앙선,1037,忘?,マンウ,,,,,,
1284,문산,Munsan,경의중앙선,1002,汶山,ムンサン,,,,,,
1273,백마,Baengma,경의중앙선,1012,白?,ペンマ,,,,,,
1202,상봉(시외버스터미널),Sangbong,경의중앙선,1036,上?,サンボン,,,,,,
1263,서강대,Sogang Univ.,경의중앙선,1023,西江大,ソガンデ,,,,,,
1009,서빙고,Seobinggo,경의중앙선,1028,西??,ソビンゴ,,,,,,
1251,서울역,Seoul Station,경의중앙선,1056,首爾站,ソウル,,,,,,
1267,수색,Susaek,경의중앙선,1019,水色,スセク,,,,,,
1213,신원,Sinwon,경의중앙선,1047,新院,シヌォン,,,,,,
1252,신촌,Sinchon,경의중앙선,1055,新村,シンチョン,,,,,,
1215,아신,Asin,경의중앙선,1049,我新,アシン,,,,,,
1277,야당,Yadang,경의중앙선,1008,野塘,ヤダン,,,,,,
1212,양수,Yangsu,경의중앙선,1046,兩水,ヤンス,,,,,,
1204,양원,Yangwon,경의중앙선,1038,?源,ヤンウォン,,,,,,
1207,양정,Yangjeong,경의중앙선,1041,?正,ヤンジョン,,,,,,
1217,양평,Yangpyeong,경의중앙선,1051,?平,ヤンピョン,,,,,,
1216,오빈,Obin,경의중앙선,1050,梧?,オビン,,,,,,
1011,옥수,Oksu,경의중앙선,1030,玉水,オッス,,,,,,
1013,왕십리(성동구청),Wangsimni,경의중앙선,1032,往十里,ワンシムニ,,,,,,
1219,용문,Yongmun,경의중앙선,1053,??,ヨンムン,,,,,,
100C,용산,Yongsan,경의중앙선,1026,?山,ヨンサン,,,,,,
1211,운길산,Ungilsan,경의중앙선,1045,云吉山,ウンギルサン,,,,,,
1278,운정,Unjeong,경의중앙선,1007,云井,ウンジョン,,,,,,
1286,운천,Uncheon,경의중앙선,1001,云泉,ウンチョン,,,,,,
1218,원덕,Wondeok,경의중앙선,1052,元德,ウォンドク,,,,,,
1282,월롱,Wollong,경의중앙선,1004,月?,ウォルロン,,,,,,
1012,응봉,Eungbong,경의중앙선,1031,?峰,ウンボン,,,,,,
1008,이촌(국립중앙박물관),Ichon,경의중앙선,1027,二村,イチョン,,,,,,
1275,일산,Ilsan,경의중앙선,1010,一山,イルサン,,,,,,
1285,임진강,Imjingang,경의중앙선,1000,臨津江,イムジンガン,,,,,,
1201,중랑,Jungnang,경의중앙선,1035,中浪,チュンナン,,,,,,
1220,지평,Jipyeong,경의중앙선,1054,砥平,チピョン,,,,,,
1014,청량리(서울시립대입구),Cheongnyangni,경의중앙선,1033,?凉里,チョンニャンニ,,,,,,
1276,탄현,Tanhyeon,경의중앙선,1009,炭?,タンヒョン,,,,,,
1283,파주,Paju,경의중앙선,1003,坡州,パジュ,,,,,,
1210,팔당,Paldang,경의중앙선,1044,八堂,パルタン,,,,,,
1274,풍산,Pungsan,경의중앙선,1011,?山,プンサン,,,,,,
1268,한국항공대,Korea Aerospace Univ.,경의중앙선,1018,??航空大?,ハングクハンゴンデ,,,,,,
1010,한남,Hannam,경의중앙선,1029,?南,ハンナム,,,,,,
1270,행신,Haengsin,경의중앙선,1016,幸信,ヘンシン,,,,,,
1264,홍대입구,Hongik Univ.,경의중앙선,1022,弘益大?,ホンデイック,,,,,,
101C,회기,Hoegi,경의중앙선,1034,回基,フェギ,,,,,,
1261,효창공원앞,Hyochang Park,경의중앙선,1025,孝昌公?,ヒョチャンゴンウォンアプ,,,,,,
1501,판교,Pangyo,수도권 경강선,1100,板橋,,,,,,,
1502,이매,Imae,수도권 경강선,1101,二梅,,,,,,,
1503,삼동,Samdong,수도권 경강선,1102,三洞,,,,,,,
1504,경기광주,GyeonggiGwangju,수도권 경강선,1103,京畿廣州,,,,,,,
1505,초월,Chowol,수도권 경강선,1104,草月,,,,,,,
1506,곤지암,Gonjiam,수도권 경강선,1105,昆池岩,,,,,,,
1507,신둔도예촌,Sindundoyechon,수도권 경강선,1106,新屯陶藝村,,,,,,,
1508,이천,Icheon,수도권 경강선,1107,利川,,,,,,,
1509,부발,Bubal,수도권 경강선,1108,夫鉢,,,,,,,
1510,세종대왕릉,Sejongdaewangneung,수도권 경강선,1109,世宗大王陵,,,,,,,
1511,여주,Yeoju,수도권 경강선,1110,驪州,,,,,,,
1845,청량리,Cheongnyangni,수도권 수인.분당선,1200,?凉里,チョンニャンニ,,,,,,
102C,왕십리,Wangsimni,수도권 수인.분당선,1201,往十里,ワンシムニ,,,,,,
1847,서울숲,Seoul-forest,수도권 수인.분당선,1202,首?林,ソウルスプ,,,,,,
1848,압구정로데오,Apgujeong rodeo,수도권 수인.분당선,1203,狎?亭?德?,アックジョンロデオ,,,,,,
1849,강남구청,Gangnam-gu Office,수도권 수인.분당선,1204,江南??,カンナムグチョン,,,,,,
1850,선정릉,Seonjeongneung,수도권 수인.분당선,1205,宣靖陵,ソンジョンヌン,,,,,,
1023,선릉,Seolleung,수도권 수인.분당선,1206,宣陵,ソンルン,,,,,,
1024,한티,Hanti,수도권 수인.분당선,1207,?堤,ハンティ,,,,,,
1025,도곡,Dogok,수도권 수인.분당선,1208,道谷,トゴク,,,,,,
1026,구룡,Guryong,수도권 수인.분당선,1209,九?,クリョン,,,,,,
1027,개포동,Gaepo-dong,수도권 수인.분당선,1210,?浦洞,ケポドン,,,,,,
1028,대모산입구,Daemosan,수도권 수인.분당선,1211,大母山,テモサンイック,,,,,,
1030,수서,Suseo,수도권 수인.분당선,1212,水西,スソ,,,,,,
1031,복정,Bokjeong,수도권 수인.분당선,1213,福井,ポクチョン,,,,,,
1851,가천대,Gachon Univ.,수도권 수인.분당선,1214,嘉泉大?,カチョンデ,,,,,,
1852,태평,Taepyeong,수도권 수인.분당선,1215,太平,テピョン,,,,,,
1853,모란,Moran,수도권 수인.분당선,1216,牡丹,モラン,,,,,,
1854,야탑,Yatap,수도권 수인.분당선,1217,野塔,ヤタプ,,,,,,
1860,이매,Imae,수도권 수인.분당선,1218,二梅,イメ,,,,,,
1855,서현,Seohyeon,수도권 수인.분당선,1219,??,ソヒョン,,,,,,
1856,수내,Sunae,수도권 수인.분당선,1220,??,スネ,,,,,,
1857,정자,Jeongja,수도권 수인.분당선,1221,亭子,チョンジャ,,,,,,
1858,미금,Migeum,수도권 수인.분당선,1222,美金,ミグム,,,,,,
1859,오리,Ori,수도권 수인.분당선,1223,梧里,オリ,,,,,,
1862,죽전,Jukjeon,수도권 수인.분당선,1224,竹田,チュクチョン,,,,,,
1861,보정,Bojeong,수도권 수인.분당선,1225,?亭,ポジョン,,,,,,
1863,구성,Guseong,수도권 수인.분당선,1226,?城,クソン,,,,,,
1864,신갈,Singal,수도권 수인.분당선,1227,新葛,シンガル,,,,,,
1865,기흥,Giheung,수도권 수인.분당선,1228,器?,キフン,,,,,,
1866,상갈,Sanggal,수도권 수인.분당선,1229,上葛,サンガル,,,,,,
1867,청명,Cheongmyeong,수도권 수인.분당선,1230,?明,チョンミョン,,,,,,
1868,영통,Yeongtong,수도권 수인.분당선,1231,?通,ヨントン,,,,,,
1869,망포,Mangpo,수도권 수인.분당선,1232,?浦,マンポ,,,,,,
1870,매탄권선,MaetanGwonseon,수도권 수인.분당선,1233,梅?,メタン,,,,,,
1871,수원시청,Suwon City Hall,수도권 수인.분당선,1234,水原市?,スウォンシチョン,,,,,,
1872,매교,Maegyo,수도권 수인.분당선,1235,梅?,メギョ,,,,,,
1846,수원,Suwon,수도권 수인.분당선,1236,水原,スウォン,,,,,,
1873,고색,Gosaek,수도권 수인.분당선,1237,古索,ゴセク,,,,,,
1874,오목천,Omokcheon,수도권 수인.분당선,1238,梧木川,オモックチョン,,,,,,
1875,어천,Eocheon,수도권 수인.분당선,1239,漁川,オチョン,,,,,,
1876,야목,Yamok,수도권 수인.분당선,1240,野牧,ヤモク,,,,,,
1877,사리,Sari,수도권 수인.분당선,1241,四里,サリ,,,,,,
1830,한대앞,Hanyang Univ. at Ansan,수도권 수인.분당선,1242,??大?,ハンデアプ,,,,,,
1831,중앙,Jungang,수도권 수인.분당선,1243,中央,チュンアン,,,,,,
1832,고잔,Gojan,수도권 수인.분당선,1244,古?,コジャン,,,,,,
1833,초지,Choji,수도권 수인.분당선,1245,草芝,チョジ,,,,,,
1834,안산,Ansan,수도권 수인.분당선,1246,安山,アンサン,,,,,,
1835,신길온천,Neunggil,수도권 수인.분당선,1247,新吉?泉,シンギル·オンチョン,,,,,,
1836,정왕,Jeongwang,수도권 수인.분당선,1248,正往,チョンワン,,,,,,
1800,오이도,Oido,수도권 수인.분당선,1249,?耳?,オイド,,,,,,
1878,달월,Dalwol,수도권 수인.분당선,1250,達月,タロル,,,,,,
1879,월곶,Wolgot,수도권 수인.분당선,1251,月串,ウォルゴッ,,,,,,
1880,소래포구,Soraepogu,수도권 수인.분당선,1252,??浦口,ソレポグ,,,,,,
1881,인천논현,Incheon Nonhyeon,수도권 수인.분당선,1253,仁川??,インチョンノンヒョン,,,,,,
1882,호구포,Hogupo,수도권 수인.분당선,1254,虎口浦,ホグポ,,,,,,
1883,남동인더스파크,Namdong Induspark,수도권 수인.분당선,1255,南洞???地,ナムドン·インドスパ?ク,,,,,,
1884,원인재,Woninjae,수도권 수인.분당선,1256,源仁?,ウォニンジェ,,,,,,
1885,연수,Yeonsu,수도권 수인.분당선,1257,延?,ヨンス,,,,,,
1886,송도,Songdo,수도권 수인.분당선,1258,松?,ソンド,,,,,,
1888,인하대,Inha Univ.,수도권 수인.분당선,1259,仁荷大??,インハデ,,,,,,
1889,숭의,Sungui,수도권 수인.분당선,1260,崇??,スンイ,,,,,,
1890,신포,Sinpo,수도권 수인.분당선,1261,新浦,シンポ,,,,,,
1891,인천,Incheon,수도권 수인.분당선,1262,仁川,インチョン,,,,,,
4304,신사,Sinsa,수도권 신분당선,1300,新沙,シンサ,,,,,,
4305,논현,Nonhyeon,수도권 신분당선,1301,??,ノンヒョン,,,,,,
4306,신논현,Sinnonhyeon,수도권 신분당선,1302,江南,カンナム,,,,,,
4307,강남,Gangnam,수도권 신분당선,1303,江南,カンナム,,,,,,
4308,양재(서초구청),Yangjae,수도권 신분당선,1304,良才,ヤンジェ,,,,,,
4309,양재시민의숲(매헌),Yangjae Citizen's Forest,수도권 신분당선,1305,良才市民之林,ヤンジェ·シミネスプ,,,,,,
4310,청계산입구,Cheonggyesan,수도권 신분당선,1306,淸溪山入口,チョンゲサンイック,,,,,,
4311,판교,Pangyo,수도권 신분당선,1307,板橋,パンギョ,,,,,,
4312,정자,Jeongja,수도권 신분당선,1308,亭子,チョンジャ,,,,,,
4313,미금,Migeum,수도권 신분당선,1309,美金,ミグム,,,,,,
4314,동천,Dongcheon,수도권 신분당선,1310,東川,トンチョン,,,,,,
4315,수지구청,Suji-gu office,수도권 신분당선,1311,水枝區廳,スヅグチョン,,,,,,
4316,성복,Seongbok,수도권 신분당선,1312,星福,ソンボク,,,,,,
4317,상현,Sanghyeon,수도권 신분당선,1313,上峴,サンヒョン,,,,,,
4318,광교중앙(아주대),GwanggyoJungang,수도권 신분당선,1314,光敎中央,クァンギョジュンアン,,,,,,
4319,광교(경기대),Gwanggyo,수도권 신분당선,1315,光敎,クァンギョ,,,,,,
108C,일산,Ilsan,수도권 서해선(대곡-원시),1400,一山,一山,,,,,,
107C,풍산,Pungsan,수도권 서해선(대곡-원시),1401,楓山,楓山,,,,,,
106C,백마,Baengma,수도권 서해선(대곡-원시),1402,白馬,白馬,,,,,,
105C,곡산,Goksan,수도권 서해선(대곡-원시),1403,谷山,谷山,,,,,,
103C,대곡,Daegok,수도권 서해선(대곡-원시),1404,大谷,大谷,,,,,,
104C,능곡,Neunggok,수도권 서해선(대곡-원시),1405,陵谷,陵谷,,,,,,
1980,김포공항,Gimpo Int'l Airport,수도권 서해선(대곡-원시),1406,金浦空港,キンポ,,,,,,
1981,원종,Wonjong,수도권 서해선(대곡-원시),1407,遠宗,ウォンジョン,,,,,,
1982,부천종합운동장,Bucheon Stadium,수도권 서해선(대곡-원시),1408,富川綜合運動場,プチョンジョンハブンドンジャン,,,,,,
4804,소사,Sosa,수도권 서해선(대곡-원시),1409,素砂,ソサ,,,,,,
4805,소새울,Sosaeul,수도권 서해선(대곡-원시),1410,素砂屋,ソセウル,,,,,,
4806,시흥대야,Siheung Daeya,수도권 서해선(대곡-원시),1411,始?大也,シフンデヤ,,,,,,
4807,신천,Sincheon,수도권 서해선(대곡-원시),1412,新川,シンチョン(新川)?,,,,,,
4808,신현,Sinhyeon,수도권 서해선(대곡-원시),1413,新?,シンヒョン,,,,,,
4809,시흥시청,Siheung City Hall,수도권 서해선(대곡-원시),1414,始?市?,シフンシチョン,,,,,,
4810,시흥능곡,Siheung Neunggok,수도권 서해선(대곡-원시),1415,始?陵谷,シフンヌンゴク,,,,,,
4811,달미,Dalmi,수도권 서해선(대곡-원시),1416,?美,タルミ,,,,,,
4812,선부,Seonbu,수도권 서해선(대곡-원시),1417,仙府,ソンブ,,,,,,
4813,초지,Choji,수도권 서해선(대곡-원시),1418,草芝,チョジ,,,,,,
4814,시우,Siu,수도권 서해선(대곡-원시),1419,元谷,ウォンゴク,,,,,,
4815,원시,Wonsi,수도권 서해선(대곡-원시),1420,元?,ウォンシ,,,,,,
3110,계양,Gyeyang,인천 1호선,1430,桂?,ケヤン,,,,,,
3111,귤현,Gyulhyeon,인천 1호선,1431,橘?,キュルチョン,,,,,,
3112,박촌,Bakchon,인천 1호선,1432,朴村,パクチョン,,,,,,
3113,임학,Imhak,인천 1호선,1433,林?,イムハク,,,,,,
3114,계산,Gyesan,인천 1호선,1434,桂山,ケサン,,,,,,
3115,경인교대입구,Gyeong-in Nat`l Univ. of Education,인천 1호선,1435,京仁?育大?,キョンインギョデイック,,,,,,
3116,작전,Jakjeon,인천 1호선,1436,?田,チャクチョン,,,,,,
3117,갈산,Galsan,인천 1호선,1437,葛山,カルサン,,,,,,
3118,부평구청,Bupyeong-gu Office,인천 1호선,1438,富平??,プピョングチョン,,,,,,
3119,부평시장,Bupyeong Market,인천 1호선,1439,富平市場,富平市場,,,,,,
3120,부평,Bupyeong,인천 1호선,1440,富平,プピョン,,,,,,
3121,동수,Dongsu,인천 1호선,1441,??,トンス,,,,,,
3122,부평삼거리,Bupyeongsamgeori,인천 1호선,1442,富平丁字路口,プピョンサムゴリ,,,,,,
3123,간석오거리,Ganseogogeori,인천 1호선,1443,?石五?路口,カンソク·オゴリ,,,,,,
3124,인천시청,Incheon City Hall,인천 1호선,1444,仁川市廳,インチョンシチョン,,,,,,
3125,예술회관,Arts Center,인천 1호선,1445,????,イェスルフェグァン,,,,,,
3126,인천터미널,Incheon Bus Terminal,인천 1호선,1446,仁川客?站,インチョンタ?ミナル,,,,,,
3127,문학경기장,Munhak Sports Complex,인천 1호선,1447,文??育?,ムンハク·キョンギジャン,,,,,,
3128,선학,Seonhak,인천 1호선,1448,仙?,ソンハク,,,,,,
3129,신연수,Sinyeonsu,인천 1호선,1449,新延?,シニョンス,,,,,,
3130,원인재,Woninjae,인천 1호선,1450,源仁?,ウァニンジエ,,,,,,
3131,동춘,Dongchun,인천 1호선,1451,?春,トンチュン,,,,,,
3132,동막,Dongmak,인천 1호선,1452,?幕,トンマク,,,,,,
3133,캠퍼스타운,Campus Town,인천 1호선,1453,大?城,キャンパスタウン,,,,,,
3134,테크노파크,Technopark,인천 1호선,1454,科技?,テクノパ?ク,,,,,,
3135,지식정보단지,BIT Zone,인천 1호선,1455,知?信息??,チシク·チョンボダンジ,,,,,,
3136,인천대입구,Incheon Nat'l Univ.,인천 1호선,1456,仁川大?,インチョンデイック,,,,,,
3137,센트럴파크,Central Park,인천 1호선,1457,中央公?,セントラルパ?ク,,,,,,
3138,국제업무지구,Intl. Business District,인천 1호선,1458,??????,ククチェオンムジグ,,,,,,
3139,송도달빛축제공원,Songdo Moonlight Festival Park,인천 1호선,1459,松?月光?典公?,ソンドダルピッチュクチェゴンウォン,,,,,,
3201,검단오류(검단산업단지),Geomdan Oryu,인천 2호선,1460,黔丹梧柳,黔丹梧柳,,,,,,
3202,왕길,Wanggil,인천 2호선,1461,旺吉,旺吉,,,,,,
3203,검단사거리,Geomdan Sageori,인천 2호선,1462,黔丹十字路口,黔丹サゴリ,,,,,,
3204,마전,Majeon,인천 2호선,1463,麻田,麻田,,,,,,
3205,완정,Wanjeong,인천 2호선,1464,完井,完井,,,,,,
3206,독정,Dokjeong,인천 2호선,1465,,,,,,,,
3207,검암,Geomam,인천 2호선,1466,黔岩,黔岩,,,,,,
3208,검바위,Geombawi,인천 2호선,1467,黔石,コムバウィ,,,,,,
3209,아시아드경기장(공촌사거리),Asiad Stadium,인천 2호선,1468,?????,アジア?ド競技場,,,,,,
3210,서구청,Seo-gu Office,인천 2호선,1469,西??,西??,,,,,,
3211,가정(루원시티),Gajeong,인천 2호선,1470,佳亭,佳亭,,,,,,
3212,가정중앙시장,Gajeong Jungang Market,인천 2호선,1471,佳亭中央市?,佳亭中央市場,,,,,,
3213,석남(거북시장),Seongnam,인천 2호선,1472,石南,石南,,,,,,
3214,서부여성회관,West Woman's Community Center,인천 2호선,1473,,,,,,,,
3215,인천가좌,Incheon Gajwa,인천 2호선,1474,,,,,,,,
3216,가재울,Gajaeul,인천 2호선,1475,??溪,カジェウル,,,,,,
3217,주안국가산단(인천J밸리),Juan National Industrial Complex,인천 2호선,1476,朱安?家産?,朱安?家産?,,,,,,
3218,주안,Juan,인천 2호선,1477,朱安,朱安,,,,,,
3219,시민공원(문화창작지대),Citizens Park,인천 2호선,1478,市民公?,市民公園,,,,,,
3220,석바위시장,Seokbawi Market,인천 2호선,1479,石岩市?,ソッバウィ市場,,,,,,
3221,인천시청,Inchon City Hall,인천 2호선,1480,仁川市?,仁川市?,,,,,,
3222,석천사거리,Seokcheon Sageori,인천 2호선,1481,石泉十字路口,石泉サゴリ,,,,,,
3223,모래내시장,Moraenae Market,인천 2호선,1482,沙丘市?,モレネ市場,,,,,,
3224,만수,Mansu,인천 2호선,1483,万?,萬?,,,,,,
3225,남동구청,Namdong-gu Office,인천 2호선,1484,南洞??,南洞??,,,,,,
3226,인천대공원,Incheon Grand Park,인천 2호선,1485,仁川大公?,仁川大公園,,,,,,
3227,운연(서창),Unyeon,인천 2호선,1486,云宴,雲宴,,,,,,
4501,기흥,Giheung,수도권 에버라인,1490,器興,キフン,,,,,,
4502,강남대,Kangnam Univ.,수도권 에버라인,1491,江南大?,カンナムデ,,,,,,
4503,지석,Jiseok,수도권 에버라인,1492,支石,チソク,,,,,,
4504,어정,Eojeong,수도권 에버라인,1493,御井,オジョン,,,,,,
4505,동백,Dongbaek,수도권 에버라인,1494,東栢,トンベク,,,,,,
4506,초당,Chodang,수도권 에버라인,1495,草堂,チョダン,,,,,,
4508,삼가,Samga,수도권 에버라인,1496,三街,サムガ,,,,,,
4509,시청.용인대,"City Hall, Yongin Univ.",수도권 에버라인,1497,市廳 龍仁大,"シチョン, ヨンインデ",,,,,,
4510,명지대,Myongji Univ.,수도권 에버라인,1498,明知大,ミョンジデ,,,,,,
4511,김량장,Gimnyangjang,수도권 에버라인,1499,金良場,キムニャンジャン,,,,,,
4512,용인중앙시장,Yongin Jungang Market,수도권 에버라인,1500,?仁中央市?,ヨンインチュンアンシジャン,,,,,,
4513,고진,Gojin,수도권 에버라인,1501,古陣,コジン,,,,,,
4514,보평,Bopyeong,수도권 에버라인,1502,洑坪,ポピョン,,,,,,
4515,둔전,Dunjeon,수도권 에버라인,1503,屯田,トゥンジョン,,,,,,
4517,전대.에버랜드,Jeondae ? Everland,수도권 에버라인,1504,前垈?愛寶樂園,チョンデ·エバ?ランド,,,,,,
4601,발곡,Balgok,수도권 의정부경전철,1510,鉢谷,バルゴク,,,,,,
4602,회룡,Hoeryong,수도권 의정부경전철,1511,回龍,フェリョン,,,,,,
4603,범골,Beomgol,수도권 의정부경전철,1512,虎谷,ポムゴル,,,,,,
4604,경전철의정부,Lrt Uijeongbu,수도권 의정부경전철,1513,輕電鐵議政府,キョンジョンチョルウィジョンブ,,,,,,
4605,의정부시청,Uijeongbu City Hall,수도권 의정부경전철,1514,議政府市廳,ウィジョンブシチョン,,,,,,
4606,흥선,Heungseon,수도권 의정부경전철,1515,興宣,ホンソン,,,,,,
4607,의정부중앙,Uijeongbu Jung-ang,수도권 의정부경전철,1516,議政府中央,ウィジョンブチュンアン,,,,,,
4608,동오,Dong-o,수도권 의정부경전철,1517,東梧,トンオ,,,,,,
4609,새말,sae-mal,수도권 의정부경전철,1518,??,セマル,,,,,,
4610,경기도청북부청사,Gyeonggi Provincial Government Northern Office,수도권 의정부경전철,1519,京畿道廳北部廳舍,キョンギドチョンプップチョンサ,,,,,,
4611,효자,hyoja,수도권 의정부경전철,1520,孝子,ヒョジャ,,,,,,
4612,곤제,gonjae,수도권 의정부경전철,1521,昆弟,コンジェ,,,,,,
4613,어룡,eoryong,수도권 의정부경전철,1522,魚龍,オリョン,,,,,,
4614,송산,Songsan,수도권 의정부경전철,1523,松山,ソンサン,,,,,,
4615,탑석,Tapseok,수도권 의정부경전철,1524,塔石,タプソク,,,,,,
4920,양촌,Yangchon,수도권 김포골드라인,1530,?村,ヤンチョン,,,,,,
4921,구래,Gurae,수도권 김포골드라인,1531,九來,クレ,,,,,,
4922,마산,Masan,수도권 김포골드라인,1532,麻山,マサン,,,,,,
4923,장기,Janggi,수도권 김포골드라인,1533,?基,チャンギ,,,,,,
4924,운양,Unyang,수도권 김포골드라인,1534,云?,ウニャン,,,,,,
4925,걸포북변,Geolpo Bukbyeon,수도권 김포골드라인,1535,杰浦北?,コルポブクビョン,,,,,,
4926,사우(김포시청),Sau,수도권 김포골드라인,1536,沙隅,サウ,,,,,,
4927,풍무,Pungmu,수도권 김포골드라인,1537,_舞,プンム,,,,,,
4928,고촌,Gochon,수도권 김포골드라인,1538,高村,コチョン,,,,,,
4929,김포공항,Gimpo Int’l Airport,수도권 김포골드라인,1539,金浦机?,キンポ空港,,,,,,
4401,샛강,Saetgang,수도권 신림선,1540,?江,セッカン,,,,,,
4402,대방,Daebang,수도권 신림선,1541,大方,テバン,,,,,,
4403,서울지방병무청,Seoul Regional Office of Military Manpower,수도권 신림선,1542,首?地方兵??,ソウルジバンビョンムチョン,,,,,,
4404,보라매,Boramae,수도권 신림선,1543,波拉美,ポラメ,,,,,,
4405,보라매공원,Boramae Park,수도권 신림선,1544,波拉美公?,ポラメゴンウォン,,,,,,
4406,보라매병원,Boramae MedicalCenter,수도권 신림선,1545,波拉美?院,ポラメビョンウォン,,,,,,
4407,당곡,Danggok,수도권 신림선,1546,堂谷,タンゴク,,,,,,
4408,신림,Sillim,수도권 신림선,1547,新林,シンリム,,,,,,
4409,서원,Sutgogae,수도권 신림선,1548,炭?,スッコゲ,,,,,,
4410,서울대벤처타운,Seoul National Univ. Venture Town,수도권 신림선,1549,首?大??投城,ソウルデベンチャ?タウン,,,,,,
4411,관악산(서울대),Gwanaksan,수도권 신림선,1550,冠岳山,クァナクサン,,,,,,
1306,청량리,Cheongnyangni,수도권 경춘선,1600,淸凉里,チョンニャンニ,,,,,,
1307,회기,Hoegi,수도권 경춘선,1601,回基,フェギ,,,,,,
1308,중랑,Jungnang,수도권 경춘선,1602,中浪,チュンナン,,,,,,
1309,상봉,Sangbong,수도권 경춘선,1603,上鳳,サンボン,,,,,,
1310,망우,Mangu,수도권 경춘선,1604,忘憂,マンウ,,,,,,
1311,신내,Sinnae,수도권 경춘선,1605,新內,シンネ,,,,,,
1312,갈매,Galmae,수도권 경춘선,1606,葛梅,カルメ,,,,,,
1313,별내,Byeollae,수도권 경춘선,1607,別內,ピョルネ,,,,,,
1314,퇴계원,Toegyewon,수도권 경춘선,1608,退溪院,トェゲウォン,,,,,,
1315,사릉,Sareung,수도권 경춘선,1609,思陵,サルン,,,,,,
1316,금곡,Geumgok,수도권 경춘선,1610,金谷,クムゴク,,,,,,
1317,평내호평,Pyeongnae  Hopyeong,수도권 경춘선,1611,坪內好坪,ピョンネホピョン,,,,,,
1318,천마산,Cheonmasan,수도권 경춘선,1612,天摩山,チョンマサン,,,,,,
1319,마석,Maseok,수도권 경춘선,1613,磨石,マソク,,,,,,
1320,대성리,Daeseong-ri,수도권 경춘선,1614,大成里,テソンニ,,,,,,
1321,청평,Cheongpyeong,수도권 경춘선,1615,淸平,チョンピョン,,,,,,
1322,상천,Sangcheon,수도권 경춘선,1616,上泉,サンチョン,,,,,,
1323,가평,Gapyeong,수도권 경춘선,1617,加平,カピョン,,,,,,
1324,굴봉산,Gulbongsan,수도권 경춘선,1618,屈峰山,クルボンサン,,,,,,
1325,백양리,Baegyang-ri,수도권 경춘선,1619,白楊里,ペギャンニ,,,,,,
1326,강촌,Gangchon,수도권 경춘선,1620,江村,カンチョン,,,,,,
1327,김유정,Gimyujeong,수도권 경춘선,1621,金裕貞,キミュジョン,,,,,,
1328,남춘천,Namchuncheon,수도권 경춘선,1622,南春川,ナムチュンチョン,,,,,,
1329,춘천,Chuncheon,수도권 경춘선,1623,春川,チュンチョン,,,,,,
1305,광운대,Kwangwoon Univ.,수도권 경춘선,1624,光云大?,クァンウンデ,,,,,,